DeployID,Ptt,Instr,CorrectionType,TagDate,TagTime,RealDate,RealTime
PL2005_5966_05L0002,57999,Splash,Weak,20-Sep-2005,14:00:00,20-Sep-2005,13:59:59
PL2005_5966_05L0002,57999,Splash,Strong,25-Sep-2005,03:00:20,25-Sep-2005,03:00:21
PL2005_5966_05L0002,57999,Splash,Strong,08-Nov-2005,04:51:46,08-Nov-2005,04:51:46
PL2005_5966_05L0002,57999,Splash,Strong,08-Nov-2005,05:30:48,08-Nov-2005,05:30:52
PL2005_5966_05L0002,57999,Splash,Strong,08-Nov-2005,16:29:07,08-Nov-2005,16:29:07
PL2005_5966_05L0002,57999,Splash,Strong,21-May-2006,03:18:39,21-May-2006,03:19:59
