DeployID,Ptt,Instr,CorrectionType,TagDate,TagTime,RealDate,RealTime
EB2005_5958_04L0164,59970,Splash,Weak,03-Oct-2005,00:00:00,02-Oct-2005,23:59:05
EB2005_5958_04L0164,59970,Splash,Strong,03-Oct-2005,20:22:00,03-Oct-2005,20:21:06
EB2005_5958_04L0164,59970,Splash,Strong,07-Nov-2005,17:01:42,07-Nov-2005,17:00:56
EB2005_5958_04L0164,59970,Splash,Strong,08-Nov-2005,00:00:29,08-Nov-2005,23:59:43
EB2005_5958_04L0164,59970,Splash,Strong,08-Nov-2005,00:23:44,08-Nov-2005,00:22:58
EB2005_5958_04L0164,59970,Splash,Strong,20-Apr-2006,05:00:28,20-Apr-2006,05:02:03
