DeployID,Ptt,Instr,CorrectionType,TagDate,TagTime,RealDate,RealTime
EB2005_5954_04L0043,53608,Splash,Strong,02-Aug-2005,17:06:23,02-Aug-2005,17:03:17
EB2005_5954_04L0043,53608,Splash,Strong,03-Nov-2005,05:57:46,03-Nov-2005,05:54:15
EB2005_5954_04L0043,53608,Splash,Strong,19-Nov-2005,09:48:08,19-Nov-2005,09:44:45
EB2005_5954_04L0043,53608,Splash,Strong,20-Nov-2005,00:01:00,20-Nov-2005,23:57:38
EB2005_5954_04L0043,53608,Splash,Strong,20-Nov-2005,00:43:32,20-Nov-2005,00:40:10
EB2005_5954_04L0043,53608,Splash,Strong,26-Nov-2005,01:15:29,26-Nov-2005,01:12:11
