DeployID,Ptt,Instr,CorrectionType,TagDate,TagTime,RealDate,RealTime
EB2005_5970_04L0040,53606,Splash,Weak,21-Oct-2004,05:28:56,21-Oct-2004,05:23:38
EB2005_5970_04L0040,53606,Splash,Strong,27-Jul-2005,20:00:23,27-Jul-2005,19:59:11
EB2005_5970_04L0040,53606,Splash,Strong,30-Oct-2005,22:58:24,30-Oct-2005,22:57:30
EB2005_5970_04L0040,53606,Splash,Strong,31-Oct-2005,00:00:04,31-Oct-2005,23:59:11
EB2005_5970_04L0040,53606,Splash,Strong,31-Oct-2005,02:22:09,31-Oct-2005,02:21:16
EB2005_5970_04L0040,53606,Splash,Strong,31-Mar-2006,03:21:44,31-Mar-2006,03:24:09
