DeployID,Ptt,Instr,CorrectionType,TagDate,TagTime,RealDate,RealTime
EB2005_5959_04L0166,59972,Splash,Weak,04-Oct-2005,00:00:00,03-Oct-2005,23:59:21
EB2005_5959_04L0166,59972,Splash,Strong,04-Oct-2005,21:12:52,04-Oct-2005,21:12:14
EB2005_5959_04L0166,59972,Splash,Strong,04-Jan-2006,05:45:12,04-Jan-2006,05:45:38
EB2005_5959_04L0166,59972,Splash,Strong,04-Jan-2006,07:08:08,04-Jan-2006,07:08:36
EB2005_5959_04L0166,59972,Splash,Strong,04-Mar-2006,06:20:23,04-Mar-2006,06:21:45
EB2005_5959_04L0166,59972,Splash,Strong,04-Mar-2006,12:21:39,04-Mar-2006,13:23:02
EB2005_5959_04L0166,59972,Splash,Strong,04-Mar-2006,15:13:45,04-Mar-2006,15:15:08
EB2005_5959_04L0166,59972,Splash,Strong,29-Mar-2006,05:55:44,29-Mar-2006,05:57:32
